symbol,expiration,strike,multiplier,bid,ask,last,close,volume,delta,gamma,theta,vega,impliedVol,bidSize,askSize,high,low,openPrice,openInterest,put_profit
CROX,20261218,115.000000,100,9.10,9.50,nan,7.84,0.000000,-0.436815,0.015984,-0.062807,0.201519,0.490005,1.00,107.00,nan,nan,nan,nan,7.91%
CROX,20261120,115.000000,100,7.60,8.30,8.00,6.51,3.000000,-0.444056,0.018304,-0.092350,0.158204,0.545192,457.00,93.00,8.10,8.00,0.00,nan,6.61%
CROX,20261218,110.000000,100,6.70,7.10,nan,5.67,0.000000,-0.358162,0.015000,-0.059689,0.188412,0.492968,166.00,197.00,nan,nan,nan,nan,6.09%
CROX,20261120,110.000000,100,5.40,6.00,6.00,4.70,2.000000,-0.353511,0.017008,-0.087746,0.147904,0.549340,456.00,167.00,6.00,6.00,0.00,nan,4.91%
CROX,20261218,105.000000,100,4.70,5.20,5.11,4.37,3.000000,-0.282066,0.013385,-0.054450,0.168746,0.497530,490.00,164.00,5.11,5.00,nan,nan,4.48%
AAPL,20261009,335.000000,100,1.75,1.77,1.76,3.65,12023.000000,-0.384382,0.061422,-0.638150,0.096370,0.246750,126.00,12.00,4.05,1.49,0.00,nan,0.52%
AAPL,20261009,332.500000,100,0.97,1.01,0.99,2.32,8989.000000,-0.255388,0.050567,-0.514892,0.078263,0.252159,264.00,1228.00,2.70,0.80,0.00,nan,0.29%
AAPL,20261012,327.500000,100,0.58,0.69,0.64,1.23,276.000000,-0.134655,0.025239,-0.183099,0.083519,0.217050,647.00,4752.00,1.52,0.63,0.00,nan,0.18%
AAPL,20261009,330.000000,100,0.53,0.61,0.53,1.44,7519.000000,-0.150425,0.035802,-0.348238,0.065213,0.257699,289.00,4965.00,1.68,0.52,0.00,nan,0.16%
TREX,20261218,42.500000,100,2.30,3.50,-1.00,2.65,0.000000,-0.398489,0.040276,-0.024127,0.075025,0.501849,72.00,64.00,nan,nan,0.00,nan,5.41%
TREX,20261218,40.000000,100,1.55,3.80,-1.00,1.88,0.000000,-0.301293,0.034885,-0.023563,0.069307,0.521760,79.00,161.00,nan,nan,0.00,nan,3.88%
TREX,20261120,40.000000,100,1.15,1.95,nan,1.43,0.000000,-0.281060,0.041543,-0.029474,0.050329,0.539503,80.00,74.00,nan,nan,nan,nan,2.88%
TREX,20261120,42.500000,100,1.15,2.90,nan,2.15,0.000000,-0.397872,0.050550,-0.032195,0.058930,0.509237,80.00,71.00,nan,nan,nan,nan,2.71%
TREX,20261218,37.500000,100,1.00,1.75,-1.00,1.28,0.000000,-0.218976,0.028150,-0.019600,0.054707,0.546816,67.00,59.00,nan,nan,0.00,nan,2.67%
TSLA,20261012,375.000000,100,4.30,4.45,4.43,3.53,2628.000000,-0.438453,0.028931,-0.546150,0.176020,0.308578,201.00,580.00,5.81,3.00,nan,nan,1.15%
TSLA,20261012,372.500000,100,3.30,3.40,3.40,2.72,1322.000000,-0.363692,0.027626,-0.521375,0.168110,0.307295,99.00,359.00,4.65,2.25,nan,nan,0.89%
TSLA,20261012,370.000000,100,2.47,2.55,2.54,2.10,2238.000000,-0.296619,0.025391,-0.480508,0.154227,0.307108,475.00,300.00,3.60,1.70,nan,nan,0.67%
TSLA,20261012,367.500000,100,1.82,1.89,1.84,1.59,1743.000000,-0.236607,0.022499,-0.427026,0.135942,0.308338,345.00,313.00,2.76,1.38,nan,nan,0.50%
TSLA,20261012,365.000000,100,1.33,1.38,1.34,1.21,996.000000,-0.185133,0.019278,-0.366113,0.115136,0.311188,471.00,430.00,2.12,1.00,nan,nan,0.36%
NVDA,20261012,235.000000,100,1.83,1.84,1.83,1.35,3541.000000,-0.381423,0.055383,-0.262790,0.105859,0.247986,56.00,6.00,1.97,1.29,0.00,nan,0.78%
NVDA,20261009,235.000000,100,1.29,1.31,1.29,0.95,27055.000000,-0.353966,0.068878,-0.534419,0.067614,0.304078,209.00,632.00,1.48,0.88,nan,nan,0.55%
NVDA,20261012,232.500000,100,1.10,1.11,1.03,0.85,3542.000000,-0.260900,0.045600,-0.222384,0.094211,0.257375,335.00,10.00,1.21,0.79,0.00,nan,0.47%
NVDA,20261009,232.500000,100,0.66,0.67,0.66,0.55,11720.000000,-0.211248,0.051322,-0.398974,0.054585,0.317121,713.00,145.00,0.80,0.49,nan,nan,0.28%
NVDA,20261012,230.000000,100,0.64,0.65,0.64,0.55,1807.000000,-0.165728,0.033624,-0.180786,0.072160,0.265901,1121.00,13.00,0.76,0.48,0.00,nan,0.28%
